acestream_id,dial_M,tvg_id,fecha,hora,evento,competición,nombre_canal,canal_agenda,canal_agenda_real,calidad,lista_negra
39fefdecfc953dcf6e7c589739bf486c2e605ed0,65,M+ Deportes 3,2026-09-19,00:00,00:00-Canadá-Francia,Copa Davis Fase de Clasificación,MOVISTAR DEPORTES 3,MOVISTAR DEPORTES 3,M+ Deportes 3 (65),HD,no
29d786d72d4b53dbc333af3a50f8fb021aa0296f,65,M+ Deportes 3,2026-09-19,00:00,00:00-Canadá-Francia,Copa Davis Fase de Clasificación,MOVISTAR DEPORTES 3,MOVISTAR DEPORTES 3,M+ Deportes 3 (65),FHD,yes
84aed52c5deb78f58595d88250e7a2bd04dfd810,65,M+ Deportes 3,2026-09-19,00:00,00:00-Canadá-Francia,Copa Davis Fase de Clasificación,MOVISTAR DEPORTES 3,MOVISTAR DEPORTES 3,M+ Deportes 3 (65),FHD,no
8b5f9d967384afab226dd759e6e9dfaee9993869,66,M+ Deportes 4,2026-09-19,00:00,00:00-Canadá-Francia,Copa Davis Fase de Clasificación,MOVISTAR DEPORTES 4,MOVISTAR DEPORTES 4,M+ Deportes 4 (66),HD,no
37825883ed185365e3194a79207347f6c7bd5ba5,66,M+ Deportes 4,2026-09-19,00:00,00:00-Canadá-Francia,Copa Davis Fase de Clasificación,MOVISTAR DEPORTES 4,MOVISTAR DEPORTES 4,M+ Deportes 4 (66),FHD,yes
7bede102385c65a545db531af476ef18c31f6258,66,M+ Deportes 4,2026-09-19,00:00,00:00-Canadá-Francia,Copa Davis Fase de Clasificación,MOVISTAR DEPORTES 4,MOVISTAR DEPORTES 4,M+ Deportes 4 (66),FHD,no
2f9211669499f413dab1a490198afab2a9b4b57c,73,DAZN 2 HD,2026-09-19,02:00,02:00-I. Cruz-N. Bravo,Título Interino Peso Superligero,DAZN 2,DAZN 2,DAZN 2 (M73),FHD,no
fb2dd566824658eeab27aae19a01c09430f1a97d,73,DAZN 2 HD,2026-09-19,02:00,02:00-I. Cruz-N. Bravo,Título Interino Peso Superligero,DAZN 2,DAZN 2,DAZN 2 (M73),FHD,no
43004e955731cd3afcc34d24e5178d4b427bff37,73,DAZN 2 HD,2026-09-19,02:00,02:00-I. Cruz-N. Bravo,Título Interino Peso Superligero,DAZN 2,DAZN 2,DAZN 2 (M73),FHD,no
b0eabe0fdd02fdd165896236765a9b753a2ff516,73,DAZN 2 HD,2026-09-19,02:00,02:00-I. Cruz-N. Bravo,Título Interino Peso Superligero,DAZN 2,DAZN 2,DAZN 2 (M73),HD,no
d60b8c154828cb990b7bb1570764b215bd979e74,73,DAZN 2 HD,2026-09-19,02:00,02:00-I. Cruz-N. Bravo,Título Interino Peso Superligero,DAZN 2,DAZN 2,DAZN 2 (M73),FHD,no
d1d9ec2361a6ac8edc0b2841866383768cc28df9,196,DAZN 3 HD,2026-09-19,08:45,G.P. Austria (Red Bull Ring) Carrera 2,Red Bull MotoGP Rookies Cup,DAZN 3,DAZN 3,DAZN 3 (M196),HD,no
4e401fdceebffdf1f09aef954844d09f6c62f460,196,DAZN 3 HD,2026-09-19,08:45,G.P. Austria (Red Bull Ring) Carrera 2,Red Bull MotoGP Rookies Cup,DAZN 3,DAZN 3,DAZN 3 (M196),FHD,no
36394be1db2e20b5997d987c32fd38c7f0f194b7,72,DAZN 1 HD,2026-09-19,12:00,12:00-Costa Adeje Tenerife-Sevilla FC Femenino,Liga F,DAZN 1,DAZN 1,DAZN 1 (M72),FHD,no
1e7f5efc1913efaf7042a9b1a49d1f9adc5bc187,72,DAZN 1 HD,2026-09-19,12:00,12:00-Costa Adeje Tenerife-Sevilla FC Femenino,Liga F,DAZN 1,DAZN 1,DAZN 1 (M72),FHD,no
5b776533534b767a84dfda263825ad10f30a8ec7,72,DAZN 1 HD,2026-09-19,12:00,12:00-Costa Adeje Tenerife-Sevilla FC Femenino,Liga F,DAZN 1,DAZN 1,DAZN 1 (M72),HD,no
d5b2c6b940cf3df5e8f9dc6f000f0ea23a10b151,72,DAZN 1 HD,2026-09-19,12:00,12:00-Costa Adeje Tenerife-Sevilla FC Femenino,Liga F,DAZN 1,DAZN 1,DAZN 1 (M72),HD,no
b03f9310155cf3b4eafc1dfba763781abc3ff025,72,DAZN 1 HD,2026-09-19,12:00,12:00-Costa Adeje Tenerife-Sevilla FC Femenino,Liga F,DAZN 1,DAZN 1,DAZN 1 (M72),FHD,no
691739972eb3468cf16b25e84dafdeaa40dead6d,72,DAZN 1 HD,2026-09-19,12:00,12:00-Costa Adeje Tenerife-Sevilla FC Femenino,Liga F,DAZN 1,DAZN 1,DAZN 1 (M72),FHD,no
4141892f5df7d6474bf0279895ce02b7336c9928,72,DAZN 1 HD,2026-09-19,12:00,12:00-Costa Adeje Tenerife-Sevilla FC Femenino,Liga F,DAZN 1,DAZN 1,DAZN 1 (M72),FHD,no
a116ce3ff95c41c60e987e2b1aa247007f707884,72,DAZN 1 HD,2026-09-19,12:00,12:00-Costa Adeje Tenerife-Sevilla FC Femenino,Liga F,DAZN 1,DAZN 1,DAZN 1 (M72),HD,no
78124d96a1a4601e7910f50e36a16e35efcfb398,72,DAZN 1 HD,2026-09-19,12:00,12:00-Costa Adeje Tenerife-Sevilla FC Femenino,Liga F,DAZN 1,DAZN 1,DAZN 1 (M72),FHD,no
b6ffbbc72a5b6b579faf79ebac229af7a25b933b,7,Movistar Plus+ HD,2026-09-19,12:30,12:30-Fiorentina-Napoli,Serie A Italiana,MOVISTAR PLUS,MOVISTAR PLUS,Movistar Plus+ (M7): VER PARTIDO,FHD,no
5866e83279307bf919068ae7a0d250e4e424e464,7,Movistar Plus+ HD,2026-09-19,12:30,12:30-Fiorentina-Napoli,Serie A Italiana,MOVISTAR PLUS,MOVISTAR PLUS,Movistar Plus+ (M7): VER PARTIDO,FHD,no
199190e3f28c1de0be34bccf0d3568dc65209b99,7,Movistar Plus+ HD,2026-09-19,12:30,12:30-Fiorentina-Napoli,Serie A Italiana,MOVISTAR PLUS,MOVISTAR PLUS,Movistar Plus+ (M7): VER PARTIDO,FHD,no
ed74406ccdb3c21941b919db6bffca7f1de015bb,7,Movistar Plus+ HD,2026-09-19,12:30,12:30-Fiorentina-Napoli,Serie A Italiana,MOVISTAR PLUS,MOVISTAR PLUS,Movistar Plus+ (M7): VER PARTIDO,FHD,no
f3eea003e23f94dc2d527306de9dd386e3ebf4ba,60,M+ Liga de Campeones HD,2026-09-19,12:30,12:30-Fiorentina-Napoli,Serie A Italiana,LIGA DE CAMPEONES,LIGA DE CAMPEONES,M+ Liga de Campeones (M60 O115),FHD,yes
afbf1ef8812e7b0a0977fa3a0a2d3a6d3cbd6c6f,60,M+ Liga de Campeones HD,2026-09-19,12:30,12:30-Fiorentina-Napoli,Serie A Italiana,LIGA DE CAMPEONES,LIGA DE CAMPEONES,M+ Liga de Campeones (M60 O115),FHD,no
e572a5178ff72eed7d1d751a18b4b3419699f370,60,M+ Liga de Campeones HD,2026-09-19,12:30,12:30-Fiorentina-Napoli,Serie A Italiana,LIGA DE CAMPEONES,LIGA DE CAMPEONES,M+ Liga de Campeones (M60 O115),HD,no
2b51710cee513e8939785fa3e7980f32d4e0415f,60,M+ Liga de Campeones HD,2026-09-19,12:30,12:30-Fiorentina-Napoli,Serie A Italiana,LIGA DE CAMPEONES,LIGA DE CAMPEONES,M+ Liga de Campeones (M60 O115),HD,no
778f08cbae9596ed9e8b2ae0af33ee7a6fe24c6a,60,M+ Liga de Campeones HD,2026-09-19,12:30,12:30-Fiorentina-Napoli,Serie A Italiana,LIGA DE CAMPEONES,LIGA DE CAMPEONES,M+ Liga de Campeones (M60 O115),FHD,no
b028202ff335911db3118bceac027df3e8ef6c32,60,M+ Liga de Campeones HD,2026-09-19,12:30,12:30-Fiorentina-Napoli,Serie A Italiana,LIGA DE CAMPEONES,LIGA DE CAMPEONES,M+ Liga de Campeones (M60 O115),HD,no
0f7842f8b6c26571e5a974407b61623e56e6a052,60,M+ Liga de Campeones HD,2026-09-19,12:30,12:30-Fiorentina-Napoli,Serie A Italiana,LIGA DE CAMPEONES,LIGA DE CAMPEONES,M+ Liga de Campeones (M60 O115),FHD,no
152169ce99e1fd27f2249c18384a121079cdef29,60,M+ Liga de Campeones HD,2026-09-19,12:30,12:30-Fiorentina-Napoli,Serie A Italiana,LIGA DE CAMPEONES,LIGA DE CAMPEONES,M+ Liga de Campeones (M60 O115),UHD,no
afbf2a479c5a5072698139f0f556ef3e77a99bd0,60,M+ Liga de Campeones HD,2026-09-19,12:30,12:30-Fiorentina-Napoli,Serie A Italiana,LIGA DE CAMPEONES,LIGA DE CAMPEONES,M+ Liga de Campeones (M60 O115),FHD,no
97df5b7824948972d041d8ca2a4d29c90b641bc9,60,M+ Liga de Campeones HD,2026-09-19,12:30,12:30-Fiorentina-Napoli,Serie A Italiana,LIGA DE CAMPEONES,LIGA DE CAMPEONES,M+ Liga de Campeones (M60 O115),FHD,no
91b2a1fe85f5bb4a6cf9ef6d01cc65883d986920,60,M+ Liga de Campeones HD,2026-09-19,12:30,12:30-Fiorentina-Napoli,Serie A Italiana,LIGA DE CAMPEONES,LIGA DE CAMPEONES,M+ Liga de Campeones (M60 O115),FHD,no
63e4713e8379f2ebf5e6ed9aa00fbf78ebae7439,60,M+ Liga de Campeones HD,2026-09-19,12:30,12:30-Fiorentina-Napoli,Serie A Italiana,LIGA DE CAMPEONES,LIGA DE CAMPEONES,M+ Liga de Campeones (M60 O115),HD,no
635b61c1f240449163260cd914d10d886a54fee3,58,DAZN LaLiga 2 HD,2026-09-19,14:00,14:00-Getafe-Málaga,La Liga EA Sports,DAZN LA LIGA 2,DAZN LA LIGA 2,DAZN LaLiga 2 (M58 O114),FHD,no
5091ea94b75ba4b50b078b4102a3d0e158ef59c3,58,DAZN LaLiga 2 HD,2026-09-19,14:00,14:00-Getafe-Málaga,La Liga EA Sports,DAZN LA LIGA 2,DAZN LA LIGA 2,DAZN LaLiga 2 (M58 O114),FHD,no
b63fcadc2390455d8a328f6c16b8b0a9adec21a3,58,DAZN LaLiga 2 HD,2026-09-19,14:00,14:00-Getafe-Málaga,La Liga EA Sports,DAZN LA LIGA 2,DAZN LA LIGA 2,DAZN LaLiga 2 (M58 O114),FHD,no
a70a1605f69c8379e04094df96922a42adfbb431,58,DAZN LaLiga 2 HD,2026-09-19,14:00,14:00-Getafe-Málaga,La Liga EA Sports,DAZN LA LIGA 2,DAZN LA LIGA 2,DAZN LaLiga 2 (M58 O114),HD,no
465075c02b7284f564911bd63d1c6f0a8d464be7,58,DAZN LaLiga 2 HD,2026-09-19,14:00,14:00-Getafe-Málaga,La Liga EA Sports,DAZN LA LIGA 2,DAZN LA LIGA 2,DAZN LaLiga 2 (M58 O114),FHD,no
d7ce121c775a303c470d2139b8e8cfa0db38adad,58,DAZN LaLiga 2 HD,2026-09-19,14:00,14:00-Getafe-Málaga,La Liga EA Sports,DAZN LA LIGA 2,DAZN LA LIGA 2,DAZN LaLiga 2 (M58 O114),HD,no
87bb542f974b6b9e89d0f2e20ed6dc93426f4be0,56,LaLiga TV Hypermotion HD,2026-09-19,14:00,14:00-Sabadell-Real Oviedo,LaLiga Hypermotion,HYPERMOTION,HYPERMOTION,LALIGA TV Hypermotion (M56 O120): VER PARTIDO,HD,no
a4f072c9b614323ac1258a175f868a909ea3c8cd,56,LaLiga TV Hypermotion HD,2026-09-19,14:00,14:00-Sabadell-Real Oviedo,LaLiga Hypermotion,HYPERMOTION,HYPERMOTION,LALIGA TV Hypermotion (M56 O120): VER PARTIDO,HD,no
8ee52f6208e33706171856f99d2ed2dabd317f3a,56,LaLiga TV Hypermotion HD,2026-09-19,14:00,14:00-Sabadell-Real Oviedo,LaLiga Hypermotion,HYPERMOTION,HYPERMOTION,LALIGA TV Hypermotion (M56 O120): VER PARTIDO,FHD,yes
70f22be1286ef224b5e4e9451d9a42468152cda4,56,LaLiga TV Hypermotion HD,2026-09-19,14:00,14:00-Sabadell-Real Oviedo,LaLiga Hypermotion,HYPERMOTION,HYPERMOTION,LALIGA TV Hypermotion (M56 O120): VER PARTIDO,FHD,yes
4636ed75106cb00e9c70cc2029edf0a4df7ad73f,56,LaLiga TV Hypermotion HD,2026-09-19,14:00,14:00-Sabadell-Real Oviedo,LaLiga Hypermotion,HYPERMOTION,HYPERMOTION,LALIGA TV Hypermotion (M56 O120): VER PARTIDO,FHD,no
36394be1db2e20b5997d987c32fd38c7f0f194b7,72,DAZN 1 HD,2026-09-19,15:00,15:00-Bournemouth-Liverpool,Premier League,DAZN 1,DAZN 1,DAZN 1 (M72),FHD,no
1e7f5efc1913efaf7042a9b1a49d1f9adc5bc187,72,DAZN 1 HD,2026-09-19,15:00,15:00-Bournemouth-Liverpool,Premier League,DAZN 1,DAZN 1,DAZN 1 (M72),FHD,no
5b776533534b767a84dfda263825ad10f30a8ec7,72,DAZN 1 HD,2026-09-19,15:00,15:00-Bournemouth-Liverpool,Premier League,DAZN 1,DAZN 1,DAZN 1 (M72),HD,no
d5b2c6b940cf3df5e8f9dc6f000f0ea23a10b151,72,DAZN 1 HD,2026-09-19,15:00,15:00-Bournemouth-Liverpool,Premier League,DAZN 1,DAZN 1,DAZN 1 (M72),HD,no
b03f9310155cf3b4eafc1dfba763781abc3ff025,72,DAZN 1 HD,2026-09-19,15:00,15:00-Bournemouth-Liverpool,Premier League,DAZN 1,DAZN 1,DAZN 1 (M72),FHD,no
691739972eb3468cf16b25e84dafdeaa40dead6d,72,DAZN 1 HD,2026-09-19,15:00,15:00-Bournemouth-Liverpool,Premier League,DAZN 1,DAZN 1,DAZN 1 (M72),FHD,no
4141892f5df7d6474bf0279895ce02b7336c9928,72,DAZN 1 HD,2026-09-19,15:00,15:00-Bournemouth-Liverpool,Premier League,DAZN 1,DAZN 1,DAZN 1 (M72),FHD,no
a116ce3ff95c41c60e987e2b1aa247007f707884,72,DAZN 1 HD,2026-09-19,15:00,15:00-Bournemouth-Liverpool,Premier League,DAZN 1,DAZN 1,DAZN 1 (M72),HD,no
78124d96a1a4601e7910f50e36a16e35efcfb398,72,DAZN 1 HD,2026-09-19,15:00,15:00-Bournemouth-Liverpool,Premier League,DAZN 1,DAZN 1,DAZN 1 (M72),FHD,no
d1d9ec2361a6ac8edc0b2841866383768cc28df9,196,DAZN 3 HD,2026-09-19,15:00,15:00-Leeds Utd-Crystal Palace,Premier League,DAZN 3,DAZN 3,DAZN 3 (M196),HD,no
4e401fdceebffdf1f09aef954844d09f6c62f460,196,DAZN 3 HD,2026-09-19,15:00,15:00-Leeds Utd-Crystal Palace,Premier League,DAZN 3,DAZN 3,DAZN 3 (M196),FHD,no
2f9211669499f413dab1a490198afab2a9b4b57c,73,DAZN 2 HD,2026-09-19,15:00,15:00-Manchester City-Sunderland,Premier League,DAZN 2,DAZN 2,DAZN 2 (M73),FHD,no
fb2dd566824658eeab27aae19a01c09430f1a97d,73,DAZN 2 HD,2026-09-19,15:00,15:00-Manchester City-Sunderland,Premier League,DAZN 2,DAZN 2,DAZN 2 (M73),FHD,no
43004e955731cd3afcc34d24e5178d4b427bff37,73,DAZN 2 HD,2026-09-19,15:00,15:00-Manchester City-Sunderland,Premier League,DAZN 2,DAZN 2,DAZN 2 (M73),FHD,no
b0eabe0fdd02fdd165896236765a9b753a2ff516,73,DAZN 2 HD,2026-09-19,15:00,15:00-Manchester City-Sunderland,Premier League,DAZN 2,DAZN 2,DAZN 2 (M73),HD,no
d60b8c154828cb990b7bb1570764b215bd979e74,73,DAZN 2 HD,2026-09-19,15:00,15:00-Manchester City-Sunderland,Premier League,DAZN 2,DAZN 2,DAZN 2 (M73),FHD,no
f3eea003e23f94dc2d527306de9dd386e3ebf4ba,60,M+ Liga de Campeones HD,2026-09-19,16:00,16:00-Grêmio-Palmeiras,Serie A Brasil,LIGA DE CAMPEONES,LIGA DE CAMPEONES,M+ Liga de Campeones (M60 O115),FHD,yes
afbf1ef8812e7b0a0977fa3a0a2d3a6d3cbd6c6f,60,M+ Liga de Campeones HD,2026-09-19,16:00,16:00-Grêmio-Palmeiras,Serie A Brasil,LIGA DE CAMPEONES,LIGA DE CAMPEONES,M+ Liga de Campeones (M60 O115),FHD,no
e572a5178ff72eed7d1d751a18b4b3419699f370,60,M+ Liga de Campeones HD,2026-09-19,16:00,16:00-Grêmio-Palmeiras,Serie A Brasil,LIGA DE CAMPEONES,LIGA DE CAMPEONES,M+ Liga de Campeones (M60 O115),HD,no
2b51710cee513e8939785fa3e7980f32d4e0415f,60,M+ Liga de Campeones HD,2026-09-19,16:00,16:00-Grêmio-Palmeiras,Serie A Brasil,LIGA DE CAMPEONES,LIGA DE CAMPEONES,M+ Liga de Campeones (M60 O115),HD,no
778f08cbae9596ed9e8b2ae0af33ee7a6fe24c6a,60,M+ Liga de Campeones HD,2026-09-19,16:00,16:00-Grêmio-Palmeiras,Serie A Brasil,LIGA DE CAMPEONES,LIGA DE CAMPEONES,M+ Liga de Campeones (M60 O115),FHD,no
b028202ff335911db3118bceac027df3e8ef6c32,60,M+ Liga de Campeones HD,2026-09-19,16:00,16:00-Grêmio-Palmeiras,Serie A Brasil,LIGA DE CAMPEONES,LIGA DE CAMPEONES,M+ Liga de Campeones (M60 O115),HD,no
0f7842f8b6c26571e5a974407b61623e56e6a052,60,M+ Liga de Campeones HD,2026-09-19,16:00,16:00-Grêmio-Palmeiras,Serie A Brasil,LIGA DE CAMPEONES,LIGA DE CAMPEONES,M+ Liga de Campeones (M60 O115),FHD,no
152169ce99e1fd27f2249c18384a121079cdef29,60,M+ Liga de Campeones HD,2026-09-19,16:00,16:00-Grêmio-Palmeiras,Serie A Brasil,LIGA DE CAMPEONES,LIGA DE CAMPEONES,M+ Liga de Campeones (M60 O115),UHD,no
afbf2a479c5a5072698139f0f556ef3e77a99bd0,60,M+ Liga de Campeones HD,2026-09-19,16:00,16:00-Grêmio-Palmeiras,Serie A Brasil,LIGA DE CAMPEONES,LIGA DE CAMPEONES,M+ Liga de Campeones (M60 O115),FHD,no
97df5b7824948972d041d8ca2a4d29c90b641bc9,60,M+ Liga de Campeones HD,2026-09-19,16:00,16:00-Grêmio-Palmeiras,Serie A Brasil,LIGA DE CAMPEONES,LIGA DE CAMPEONES,M+ Liga de Campeones (M60 O115),FHD,no
91b2a1fe85f5bb4a6cf9ef6d01cc65883d986920,60,M+ Liga de Campeones HD,2026-09-19,16:00,16:00-Grêmio-Palmeiras,Serie A Brasil,LIGA DE CAMPEONES,LIGA DE CAMPEONES,M+ Liga de Campeones (M60 O115),FHD,no
63e4713e8379f2ebf5e6ed9aa00fbf78ebae7439,60,M+ Liga de Campeones HD,2026-09-19,16:00,16:00-Grêmio-Palmeiras,Serie A Brasil,LIGA DE CAMPEONES,LIGA DE CAMPEONES,M+ Liga de Campeones (M60 O115),HD,no
19f28f60c908f987b1a03da078e63320d7bf29e8,55,DAZN LaLiga HD,2026-09-19,16:15,16:15-At. Madrid-Real Madrid,La Liga EA Sports,DAZN LA LIGA 1,DAZN LA LIGA 1,DAZN LaLiga (M55 O113),HD,no
dda5d2cace9bc4cb0918e62bc50d657d4a10496a,55,DAZN LaLiga HD,2026-09-19,16:15,16:15-At. Madrid-Real Madrid,La Liga EA Sports,DAZN LA LIGA 1,DAZN LA LIGA 1,DAZN LaLiga (M55 O113),HD,no
0e50439e68aa2435b38f0563bb2f2e98f32ff4b1,55,DAZN LaLiga HD,2026-09-19,16:15,16:15-At. Madrid-Real Madrid,La Liga EA Sports,DAZN LA LIGA 1,DAZN LA LIGA 1,DAZN LaLiga (M55 O113),FHD,no
d1596a3988b84a4d2711fd380eb8a53256ad74ae,55,DAZN LaLiga HD,2026-09-19,16:15,16:15-At. Madrid-Real Madrid,La Liga EA Sports,DAZN LA LIGA 1,DAZN LA LIGA 1,DAZN LaLiga (M55 O113),FHD,yes
1bb5bf76fb2018d6db9aaa29b1467ecdfabe2884,55,DAZN LaLiga HD,2026-09-19,16:15,16:15-At. Madrid-Real Madrid,La Liga EA Sports,DAZN LA LIGA 1,DAZN LA LIGA 1,DAZN LaLiga (M55 O113),FHD,yes
4e6d9cf7d177366045d33cd8311d8b1d7f4bed1f,55,DAZN LaLiga HD,2026-09-19,16:15,16:15-At. Madrid-Real Madrid,La Liga EA Sports,DAZN LA LIGA 1,DAZN LA LIGA 1,DAZN LaLiga (M55 O113),HD,no
7f9857c45764ef2c7cdfb619b89db3056a57a51f,55,DAZN LaLiga HD,2026-09-19,16:15,16:15-At. Madrid-Real Madrid,La Liga EA Sports,DAZN LA LIGA 1,DAZN LA LIGA 1,DAZN LaLiga (M55 O113),FHD,no
9c588ac92554746c489bc553773d959f6d2dfd8e,55,DAZN LaLiga HD,2026-09-19,16:15,16:15-At. Madrid-Real Madrid,La Liga EA Sports,DAZN LA LIGA 1,DAZN LA LIGA 1,DAZN LaLiga (M55 O113),FHD,no
9c75f1d190c518cfe0f236415b8dccc1f676ef3b,55,DAZN LaLiga HD,2026-09-19,16:15,16:15-At. Madrid-Real Madrid,La Liga EA Sports,DAZN LA LIGA 1,DAZN LA LIGA 1,DAZN LaLiga (M55 O113),HD,no
87bb542f974b6b9e89d0f2e20ed6dc93426f4be0,56,LaLiga TV Hypermotion HD,2026-09-19,16:15,16:15-AD Ceuta-Real Valladolid,LaLiga Hypermotion,HYPERMOTION,HYPERMOTION,LALIGA TV Hypermotion (M56 O120): VER PARTIDO,HD,no
a4f072c9b614323ac1258a175f868a909ea3c8cd,56,LaLiga TV Hypermotion HD,2026-09-19,16:15,16:15-AD Ceuta-Real Valladolid,LaLiga Hypermotion,HYPERMOTION,HYPERMOTION,LALIGA TV Hypermotion (M56 O120): VER PARTIDO,HD,no
8ee52f6208e33706171856f99d2ed2dabd317f3a,56,LaLiga TV Hypermotion HD,2026-09-19,16:15,16:15-AD Ceuta-Real Valladolid,LaLiga Hypermotion,HYPERMOTION,HYPERMOTION,LALIGA TV Hypermotion (M56 O120): VER PARTIDO,FHD,yes
70f22be1286ef224b5e4e9451d9a42468152cda4,56,LaLiga TV Hypermotion HD,2026-09-19,16:15,16:15-AD Ceuta-Real Valladolid,LaLiga Hypermotion,HYPERMOTION,HYPERMOTION,LALIGA TV Hypermotion (M56 O120): VER PARTIDO,FHD,yes
4636ed75106cb00e9c70cc2029edf0a4df7ad73f,56,LaLiga TV Hypermotion HD,2026-09-19,16:15,16:15-AD Ceuta-Real Valladolid,LaLiga Hypermotion,HYPERMOTION,HYPERMOTION,LALIGA TV Hypermotion (M56 O120): VER PARTIDO,FHD,no
3afe1af18f8ff78e9946856911b00c67477052b5,64,M+ Deportes 2 HD,2026-09-19,17:00,17:00-Chile-España,Copa Davis Fase de Clasificación,MOVISTAR DEPORTES 2,MOVISTAR DEPORTES 2,M+ Deportes 2 (64),HD,no
73d38feaa770d788848ec098470e32670fe55a61,64,M+ Deportes 2 HD,2026-09-19,17:00,17:00-Chile-España,Copa Davis Fase de Clasificación,MOVISTAR DEPORTES 2,MOVISTAR DEPORTES 2,M+ Deportes 2 (64),FHD,no
acb510858f34c3c6fd5f79395b031abd6885c2b3,64,M+ Deportes 2 HD,2026-09-19,17:00,17:00-Chile-España,Copa Davis Fase de Clasificación,MOVISTAR DEPORTES 2,MOVISTAR DEPORTES 2,M+ Deportes 2 (64),HD,yes
3774d8feab016ca766b35ea8488e7514ca30e0ee,64,M+ Deportes 2 HD,2026-09-19,17:00,17:00-Chile-España,Copa Davis Fase de Clasificación,MOVISTAR DEPORTES 2,MOVISTAR DEPORTES 2,M+ Deportes 2 (64),FHD,no
8cd8fd69c6755ec452e9e74b33a0d1a653452191,64,M+ Deportes 2 HD,2026-09-19,17:00,17:00-Chile-España,Copa Davis Fase de Clasificación,MOVISTAR DEPORTES 2,MOVISTAR DEPORTES 2,M+ Deportes 2 (64),FHD,no
fd2aea1aa8fcddebfda1644118c6806230a1d539,64,M+ Deportes 2 HD,2026-09-19,17:00,17:00-Chile-España,Copa Davis Fase de Clasificación,MOVISTAR DEPORTES 2,MOVISTAR DEPORTES 2,M+ Deportes 2 (64),HD,no
3ee6a0b0e3cacea68107f61bf398f651d8159eed,64,M+ Deportes 2 HD,2026-09-19,17:00,17:00-Chile-España,Copa Davis Fase de Clasificación,MOVISTAR DEPORTES 2,MOVISTAR DEPORTES 2,M+ Deportes 2 (64),FHD,no
36394be1db2e20b5997d987c32fd38c7f0f194b7,72,DAZN 1 HD,2026-09-19,17:30,17:30-Fulham-Manchester Utd.,Premier League,DAZN 1,DAZN 1,DAZN 1 (M72),FHD,no
1e7f5efc1913efaf7042a9b1a49d1f9adc5bc187,72,DAZN 1 HD,2026-09-19,17:30,17:30-Fulham-Manchester Utd.,Premier League,DAZN 1,DAZN 1,DAZN 1 (M72),FHD,no
5b776533534b767a84dfda263825ad10f30a8ec7,72,DAZN 1 HD,2026-09-19,17:30,17:30-Fulham-Manchester Utd.,Premier League,DAZN 1,DAZN 1,DAZN 1 (M72),HD,no
d5b2c6b940cf3df5e8f9dc6f000f0ea23a10b151,72,DAZN 1 HD,2026-09-19,17:30,17:30-Fulham-Manchester Utd.,Premier League,DAZN 1,DAZN 1,DAZN 1 (M72),HD,no
b03f9310155cf3b4eafc1dfba763781abc3ff025,72,DAZN 1 HD,2026-09-19,17:30,17:30-Fulham-Manchester Utd.,Premier League,DAZN 1,DAZN 1,DAZN 1 (M72),FHD,no
691739972eb3468cf16b25e84dafdeaa40dead6d,72,DAZN 1 HD,2026-09-19,17:30,17:30-Fulham-Manchester Utd.,Premier League,DAZN 1,DAZN 1,DAZN 1 (M72),FHD,no
4141892f5df7d6474bf0279895ce02b7336c9928,72,DAZN 1 HD,2026-09-19,17:30,17:30-Fulham-Manchester Utd.,Premier League,DAZN 1,DAZN 1,DAZN 1 (M72),FHD,no
a116ce3ff95c41c60e987e2b1aa247007f707884,72,DAZN 1 HD,2026-09-19,17:30,17:30-Fulham-Manchester Utd.,Premier League,DAZN 1,DAZN 1,DAZN 1 (M72),HD,no
78124d96a1a4601e7910f50e36a16e35efcfb398,72,DAZN 1 HD,2026-09-19,17:30,17:30-Fulham-Manchester Utd.,Premier League,DAZN 1,DAZN 1,DAZN 1 (M72),FHD,no
2f9211669499f413dab1a490198afab2a9b4b57c,73,DAZN 2 HD,2026-09-19,18:00,18:00-Eibar Femenino-Athletic Femenino,Liga F,DAZN 2,DAZN 2,DAZN 2 (M73),FHD,no
fb2dd566824658eeab27aae19a01c09430f1a97d,73,DAZN 2 HD,2026-09-19,18:00,18:00-Eibar Femenino-Athletic Femenino,Liga F,DAZN 2,DAZN 2,DAZN 2 (M73),FHD,no
43004e955731cd3afcc34d24e5178d4b427bff37,73,DAZN 2 HD,2026-09-19,18:00,18:00-Eibar Femenino-Athletic Femenino,Liga F,DAZN 2,DAZN 2,DAZN 2 (M73),FHD,no
b0eabe0fdd02fdd165896236765a9b753a2ff516,73,DAZN 2 HD,2026-09-19,18:00,18:00-Eibar Femenino-Athletic Femenino,Liga F,DAZN 2,DAZN 2,DAZN 2 (M73),HD,no
d60b8c154828cb990b7bb1570764b215bd979e74,73,DAZN 2 HD,2026-09-19,18:00,18:00-Eibar Femenino-Athletic Femenino,Liga F,DAZN 2,DAZN 2,DAZN 2 (M73),FHD,no
635b61c1f240449163260cd914d10d886a54fee3,58,DAZN LaLiga 2 HD,2026-09-19,18:30,18:30-Deportivo-Real Betis,La Liga EA Sports,DAZN LA LIGA 2,DAZN LA LIGA 2,DAZN LaLiga 2 (M58 O114),FHD,no
5091ea94b75ba4b50b078b4102a3d0e158ef59c3,58,DAZN LaLiga 2 HD,2026-09-19,18:30,18:30-Deportivo-Real Betis,La Liga EA Sports,DAZN LA LIGA 2,DAZN LA LIGA 2,DAZN LaLiga 2 (M58 O114),FHD,no
b63fcadc2390455d8a328f6c16b8b0a9adec21a3,58,DAZN LaLiga 2 HD,2026-09-19,18:30,18:30-Deportivo-Real Betis,La Liga EA Sports,DAZN LA LIGA 2,DAZN LA LIGA 2,DAZN LaLiga 2 (M58 O114),FHD,no
a70a1605f69c8379e04094df96922a42adfbb431,58,DAZN LaLiga 2 HD,2026-09-19,18:30,18:30-Deportivo-Real Betis,La Liga EA Sports,DAZN LA LIGA 2,DAZN LA LIGA 2,DAZN LaLiga 2 (M58 O114),HD,no
465075c02b7284f564911bd63d1c6f0a8d464be7,58,DAZN LaLiga 2 HD,2026-09-19,18:30,18:30-Deportivo-Real Betis,La Liga EA Sports,DAZN LA LIGA 2,DAZN LA LIGA 2,DAZN LaLiga 2 (M58 O114),FHD,no
d7ce121c775a303c470d2139b8e8cfa0db38adad,58,DAZN LaLiga 2 HD,2026-09-19,18:30,18:30-Deportivo-Real Betis,La Liga EA Sports,DAZN LA LIGA 2,DAZN LA LIGA 2,DAZN LaLiga 2 (M58 O114),HD,no
8c30b600cc48899991b452805df48b68d998e61c,54,M+ LaLiga HD,2026-09-19,18:30,18:30-Villarreal-Levante,La Liga EA Sports,M+ LALIGA,M+ LALIGA,M+ LALIGA (M54 O110),FHD,no
107c3ce5a5d2527c9f06e4eab87477201791f231,54,M+ LaLiga HD,2026-09-19,18:30,18:30-Villarreal-Levante,La Liga EA Sports,M+ LALIGA,M+ LALIGA,M+ LALIGA (M54 O110),FHD,yes
31c19ffb3472c289c5bbbbc174449c8ed0d19e38,54,M+ LaLiga HD,2026-09-19,18:30,18:30-Villarreal-Levante,La Liga EA Sports,M+ LALIGA,M+ LALIGA,M+ LALIGA (M54 O110),HD,no
af458073c3096293a4dea9f369d4f308e7125bd6,54,M+ LaLiga HD,2026-09-19,18:30,18:30-Villarreal-Levante,La Liga EA Sports,M+ LALIGA,M+ LALIGA,M+ LALIGA (M54 O110),FHD,no
3ace1463a7cad979c3a4002b245487e9982e9f1a,54,M+ LaLiga HD,2026-09-19,18:30,18:30-Villarreal-Levante,La Liga EA Sports,M+ LALIGA,M+ LALIGA,M+ LALIGA (M54 O110),HD,no
0febfb5cac3384f487d55c559bbfc877db2d0357,54,M+ LaLiga HD,2026-09-19,18:30,18:30-Villarreal-Levante,La Liga EA Sports,M+ LALIGA,M+ LALIGA,M+ LALIGA (M54 O110),FHD,no
f863873de9f7b2996dde19a0657dd89835af3007,54,M+ LaLiga HD,2026-09-19,18:30,18:30-Villarreal-Levante,La Liga EA Sports,M+ LALIGA,M+ LALIGA,M+ LALIGA (M54 O110),HD,no
a64e02a6d914f098cbe1b724ff4f7aef83419a4a,54,M+ LaLiga HD,2026-09-19,18:30,18:30-Villarreal-Levante,La Liga EA Sports,M+ LALIGA,M+ LALIGA,M+ LALIGA (M54 O110),FHD,no
5ad75216a63a31fef23ddc3532edc66c2fc0936c,54,M+ LaLiga HD,2026-09-19,18:30,18:30-Villarreal-Levante,La Liga EA Sports,M+ LALIGA,M+ LALIGA,M+ LALIGA (M54 O110),HD,no
d3b11d6c18ad43df5cd42c1dafb4dd12d8f829e8,54,M+ LaLiga HD,2026-09-19,18:30,18:30-Villarreal-Levante,La Liga EA Sports,M+ LALIGA,M+ LALIGA,M+ LALIGA (M54 O110),FHD,no
8a05571c0c8fe53f160fb7d116cdf97243679e86,59,LaLiga TV Hypermotion 2,2026-09-19,18:30,18:30-UD Almería-Celta B,LaLiga Hypermotion,HYPERMOTION 2,HYPERMOTION 2,LALIGA TV Hypermotion 2 (M59 O121): VER PARTIDO,FHD,no
a5b9d834ad92bfb80fe01bf89cc20bd68be199fb,59,LaLiga TV Hypermotion 2,2026-09-19,18:30,18:30-UD Almería-Celta B,LaLiga Hypermotion,HYPERMOTION 2,HYPERMOTION 2,LALIGA TV Hypermotion 2 (M59 O121): VER PARTIDO,FHD,no
87bb542f974b6b9e89d0f2e20ed6dc93426f4be0,56,LaLiga TV Hypermotion HD,2026-09-19,18:30,18:30-UD Las Palmas-Burgos CF,LaLiga Hypermotion,HYPERMOTION,HYPERMOTION,LALIGA TV Hypermotion (M56 O120): VER PARTIDO,HD,no
a4f072c9b614323ac1258a175f868a909ea3c8cd,56,LaLiga TV Hypermotion HD,2026-09-19,18:30,18:30-UD Las Palmas-Burgos CF,LaLiga Hypermotion,HYPERMOTION,HYPERMOTION,LALIGA TV Hypermotion (M56 O120): VER PARTIDO,HD,no
8ee52f6208e33706171856f99d2ed2dabd317f3a,56,LaLiga TV Hypermotion HD,2026-09-19,18:30,18:30-UD Las Palmas-Burgos CF,LaLiga Hypermotion,HYPERMOTION,HYPERMOTION,LALIGA TV Hypermotion (M56 O120): VER PARTIDO,FHD,yes
70f22be1286ef224b5e4e9451d9a42468152cda4,56,LaLiga TV Hypermotion HD,2026-09-19,18:30,18:30-UD Las Palmas-Burgos CF,LaLiga Hypermotion,HYPERMOTION,HYPERMOTION,LALIGA TV Hypermotion (M56 O120): VER PARTIDO,FHD,yes
4636ed75106cb00e9c70cc2029edf0a4df7ad73f,56,LaLiga TV Hypermotion HD,2026-09-19,18:30,18:30-UD Las Palmas-Burgos CF,LaLiga Hypermotion,HYPERMOTION,HYPERMOTION,LALIGA TV Hypermotion (M56 O120): VER PARTIDO,FHD,no
3afe1af18f8ff78e9946856911b00c67477052b5,64,M+ Deportes 2 HD,2026-09-19,19:00,19:00-Chile-España,Copa Davis Fase de Clasificación,MOVISTAR DEPORTES 2,MOVISTAR DEPORTES 2,M+ Deportes 2 (64),HD,no
73d38feaa770d788848ec098470e32670fe55a61,64,M+ Deportes 2 HD,2026-09-19,19:00,19:00-Chile-España,Copa Davis Fase de Clasificación,MOVISTAR DEPORTES 2,MOVISTAR DEPORTES 2,M+ Deportes 2 (64),FHD,no
acb510858f34c3c6fd5f79395b031abd6885c2b3,64,M+ Deportes 2 HD,2026-09-19,19:00,19:00-Chile-España,Copa Davis Fase de Clasificación,MOVISTAR DEPORTES 2,MOVISTAR DEPORTES 2,M+ Deportes 2 (64),HD,yes
3774d8feab016ca766b35ea8488e7514ca30e0ee,64,M+ Deportes 2 HD,2026-09-19,19:00,19:00-Chile-España,Copa Davis Fase de Clasificación,MOVISTAR DEPORTES 2,MOVISTAR DEPORTES 2,M+ Deportes 2 (64),FHD,no
8cd8fd69c6755ec452e9e74b33a0d1a653452191,64,M+ Deportes 2 HD,2026-09-19,19:00,19:00-Chile-España,Copa Davis Fase de Clasificación,MOVISTAR DEPORTES 2,MOVISTAR DEPORTES 2,M+ Deportes 2 (64),FHD,no
fd2aea1aa8fcddebfda1644118c6806230a1d539,64,M+ Deportes 2 HD,2026-09-19,19:00,19:00-Chile-España,Copa Davis Fase de Clasificación,MOVISTAR DEPORTES 2,MOVISTAR DEPORTES 2,M+ Deportes 2 (64),HD,no
3ee6a0b0e3cacea68107f61bf398f651d8159eed,64,M+ Deportes 2 HD,2026-09-19,19:00,19:00-Chile-España,Copa Davis Fase de Clasificación,MOVISTAR DEPORTES 2,MOVISTAR DEPORTES 2,M+ Deportes 2 (64),FHD,no
d1d9ec2361a6ac8edc0b2841866383768cc28df9,196,DAZN 3 HD,2026-09-19,19:00,19:00-Chicago Bears-Minnesota Vikings,NFL Liga Regular,DAZN 3,DAZN 3,DAZN 3 (M196),HD,no
4e401fdceebffdf1f09aef954844d09f6c62f460,196,DAZN 3 HD,2026-09-19,19:00,19:00-Chicago Bears-Minnesota Vikings,NFL Liga Regular,DAZN 3,DAZN 3,DAZN 3 (M196),FHD,no
b6ffbbc72a5b6b579faf79ebac229af7a25b933b,7,Movistar Plus+ HD,2026-09-19,19:00,Final,Supercopa Endesa,MOVISTAR PLUS,MOVISTAR PLUS,Movistar Plus+ (M7): VER PARTIDO,FHD,no
5866e83279307bf919068ae7a0d250e4e424e464,7,Movistar Plus+ HD,2026-09-19,19:00,Final,Supercopa Endesa,MOVISTAR PLUS,MOVISTAR PLUS,Movistar Plus+ (M7): VER PARTIDO,FHD,no
199190e3f28c1de0be34bccf0d3568dc65209b99,7,Movistar Plus+ HD,2026-09-19,19:00,Final,Supercopa Endesa,MOVISTAR PLUS,MOVISTAR PLUS,Movistar Plus+ (M7): VER PARTIDO,FHD,no
ed74406ccdb3c21941b919db6bffca7f1de015bb,7,Movistar Plus+ HD,2026-09-19,19:00,Final,Supercopa Endesa,MOVISTAR PLUS,MOVISTAR PLUS,Movistar Plus+ (M7): VER PARTIDO,FHD,no
f3eea003e23f94dc2d527306de9dd386e3ebf4ba,60,M+ Liga de Campeones HD,2026-09-19,19:45,19:45-San Lorenzo-Boca Juniors,Primera División Argentina Torneo Clausura,LIGA DE CAMPEONES,LIGA DE CAMPEONES,M+ Liga de Campeones (M60 O115),FHD,yes
afbf1ef8812e7b0a0977fa3a0a2d3a6d3cbd6c6f,60,M+ Liga de Campeones HD,2026-09-19,19:45,19:45-San Lorenzo-Boca Juniors,Primera División Argentina Torneo Clausura,LIGA DE CAMPEONES,LIGA DE CAMPEONES,M+ Liga de Campeones (M60 O115),FHD,no
e572a5178ff72eed7d1d751a18b4b3419699f370,60,M+ Liga de Campeones HD,2026-09-19,19:45,19:45-San Lorenzo-Boca Juniors,Primera División Argentina Torneo Clausura,LIGA DE CAMPEONES,LIGA DE CAMPEONES,M+ Liga de Campeones (M60 O115),HD,no
2b51710cee513e8939785fa3e7980f32d4e0415f,60,M+ Liga de Campeones HD,2026-09-19,19:45,19:45-San Lorenzo-Boca Juniors,Primera División Argentina Torneo Clausura,LIGA DE CAMPEONES,LIGA DE CAMPEONES,M+ Liga de Campeones (M60 O115),HD,no
778f08cbae9596ed9e8b2ae0af33ee7a6fe24c6a,60,M+ Liga de Campeones HD,2026-09-19,19:45,19:45-San Lorenzo-Boca Juniors,Primera División Argentina Torneo Clausura,LIGA DE CAMPEONES,LIGA DE CAMPEONES,M+ Liga de Campeones (M60 O115),FHD,no
b028202ff335911db3118bceac027df3e8ef6c32,60,M+ Liga de Campeones HD,2026-09-19,19:45,19:45-San Lorenzo-Boca Juniors,Primera División Argentina Torneo Clausura,LIGA DE CAMPEONES,LIGA DE CAMPEONES,M+ Liga de Campeones (M60 O115),HD,no
0f7842f8b6c26571e5a974407b61623e56e6a052,60,M+ Liga de Campeones HD,2026-09-19,19:45,19:45-San Lorenzo-Boca Juniors,Primera División Argentina Torneo Clausura,LIGA DE CAMPEONES,LIGA DE CAMPEONES,M+ Liga de Campeones (M60 O115),FHD,no
152169ce99e1fd27f2249c18384a121079cdef29,60,M+ Liga de Campeones HD,2026-09-19,19:45,19:45-San Lorenzo-Boca Juniors,Primera División Argentina Torneo Clausura,LIGA DE CAMPEONES,LIGA DE CAMPEONES,M+ Liga de Campeones (M60 O115),UHD,no
afbf2a479c5a5072698139f0f556ef3e77a99bd0,60,M+ Liga de Campeones HD,2026-09-19,19:45,19:45-San Lorenzo-Boca Juniors,Primera División Argentina Torneo Clausura,LIGA DE CAMPEONES,LIGA DE CAMPEONES,M+ Liga de Campeones (M60 O115),FHD,no
97df5b7824948972d041d8ca2a4d29c90b641bc9,60,M+ Liga de Campeones HD,2026-09-19,19:45,19:45-San Lorenzo-Boca Juniors,Primera División Argentina Torneo Clausura,LIGA DE CAMPEONES,LIGA DE CAMPEONES,M+ Liga de Campeones (M60 O115),FHD,no
91b2a1fe85f5bb4a6cf9ef6d01cc65883d986920,60,M+ Liga de Campeones HD,2026-09-19,19:45,19:45-San Lorenzo-Boca Juniors,Primera División Argentina Torneo Clausura,LIGA DE CAMPEONES,LIGA DE CAMPEONES,M+ Liga de Campeones (M60 O115),FHD,no
63e4713e8379f2ebf5e6ed9aa00fbf78ebae7439,60,M+ Liga de Campeones HD,2026-09-19,19:45,19:45-San Lorenzo-Boca Juniors,Primera División Argentina Torneo Clausura,LIGA DE CAMPEONES,LIGA DE CAMPEONES,M+ Liga de Campeones (M60 O115),HD,no
3afe1af18f8ff78e9946856911b00c67477052b5,64,M+ Deportes 2 HD,2026-09-19,21:00,21:00-Chile-España,Copa Davis Fase de Clasificación,MOVISTAR DEPORTES 2,MOVISTAR DEPORTES 2,M+ Deportes 2 (64),HD,no
73d38feaa770d788848ec098470e32670fe55a61,64,M+ Deportes 2 HD,2026-09-19,21:00,21:00-Chile-España,Copa Davis Fase de Clasificación,MOVISTAR DEPORTES 2,MOVISTAR DEPORTES 2,M+ Deportes 2 (64),FHD,no
acb510858f34c3c6fd5f79395b031abd6885c2b3,64,M+ Deportes 2 HD,2026-09-19,21:00,21:00-Chile-España,Copa Davis Fase de Clasificación,MOVISTAR DEPORTES 2,MOVISTAR DEPORTES 2,M+ Deportes 2 (64),HD,yes
3774d8feab016ca766b35ea8488e7514ca30e0ee,64,M+ Deportes 2 HD,2026-09-19,21:00,21:00-Chile-España,Copa Davis Fase de Clasificación,MOVISTAR DEPORTES 2,MOVISTAR DEPORTES 2,M+ Deportes 2 (64),FHD,no
8cd8fd69c6755ec452e9e74b33a0d1a653452191,64,M+ Deportes 2 HD,2026-09-19,21:00,21:00-Chile-España,Copa Davis Fase de Clasificación,MOVISTAR DEPORTES 2,MOVISTAR DEPORTES 2,M+ Deportes 2 (64),FHD,no
fd2aea1aa8fcddebfda1644118c6806230a1d539,64,M+ Deportes 2 HD,2026-09-19,21:00,21:00-Chile-España,Copa Davis Fase de Clasificación,MOVISTAR DEPORTES 2,MOVISTAR DEPORTES 2,M+ Deportes 2 (64),HD,no
3ee6a0b0e3cacea68107f61bf398f651d8159eed,64,M+ Deportes 2 HD,2026-09-19,21:00,21:00-Chile-España,Copa Davis Fase de Clasificación,MOVISTAR DEPORTES 2,MOVISTAR DEPORTES 2,M+ Deportes 2 (64),FHD,no
8c30b600cc48899991b452805df48b68d998e61c,54,M+ LaLiga HD,2026-09-19,21:00,21:00-Valencia CF-Real Sociedad,La Liga EA Sports,M+ LALIGA,M+ LALIGA,M+ LALIGA (M54 O110),FHD,no
107c3ce5a5d2527c9f06e4eab87477201791f231,54,M+ LaLiga HD,2026-09-19,21:00,21:00-Valencia CF-Real Sociedad,La Liga EA Sports,M+ LALIGA,M+ LALIGA,M+ LALIGA (M54 O110),FHD,yes
31c19ffb3472c289c5bbbbc174449c8ed0d19e38,54,M+ LaLiga HD,2026-09-19,21:00,21:00-Valencia CF-Real Sociedad,La Liga EA Sports,M+ LALIGA,M+ LALIGA,M+ LALIGA (M54 O110),HD,no
af458073c3096293a4dea9f369d4f308e7125bd6,54,M+ LaLiga HD,2026-09-19,21:00,21:00-Valencia CF-Real Sociedad,La Liga EA Sports,M+ LALIGA,M+ LALIGA,M+ LALIGA (M54 O110),FHD,no
3ace1463a7cad979c3a4002b245487e9982e9f1a,54,M+ LaLiga HD,2026-09-19,21:00,21:00-Valencia CF-Real Sociedad,La Liga EA Sports,M+ LALIGA,M+ LALIGA,M+ LALIGA (M54 O110),HD,no
0febfb5cac3384f487d55c559bbfc877db2d0357,54,M+ LaLiga HD,2026-09-19,21:00,21:00-Valencia CF-Real Sociedad,La Liga EA Sports,M+ LALIGA,M+ LALIGA,M+ LALIGA (M54 O110),FHD,no
f863873de9f7b2996dde19a0657dd89835af3007,54,M+ LaLiga HD,2026-09-19,21:00,21:00-Valencia CF-Real Sociedad,La Liga EA Sports,M+ LALIGA,M+ LALIGA,M+ LALIGA (M54 O110),HD,no
a64e02a6d914f098cbe1b724ff4f7aef83419a4a,54,M+ LaLiga HD,2026-09-19,21:00,21:00-Valencia CF-Real Sociedad,La Liga EA Sports,M+ LALIGA,M+ LALIGA,M+ LALIGA (M54 O110),FHD,no
5ad75216a63a31fef23ddc3532edc66c2fc0936c,54,M+ LaLiga HD,2026-09-19,21:00,21:00-Valencia CF-Real Sociedad,La Liga EA Sports,M+ LALIGA,M+ LALIGA,M+ LALIGA (M54 O110),HD,no
d3b11d6c18ad43df5cd42c1dafb4dd12d8f829e8,54,M+ LaLiga HD,2026-09-19,21:00,21:00-Valencia CF-Real Sociedad,La Liga EA Sports,M+ LALIGA,M+ LALIGA,M+ LALIGA (M54 O110),FHD,no
87bb542f974b6b9e89d0f2e20ed6dc93426f4be0,56,LaLiga TV Hypermotion HD,2026-09-19,21:00,21:00-Leganés-Granada CF,LaLiga Hypermotion,HYPERMOTION,HYPERMOTION,LALIGA TV Hypermotion (M56 O120): VER PARTIDO,HD,no
a4f072c9b614323ac1258a175f868a909ea3c8cd,56,LaLiga TV Hypermotion HD,2026-09-19,21:00,21:00-Leganés-Granada CF,LaLiga Hypermotion,HYPERMOTION,HYPERMOTION,LALIGA TV Hypermotion (M56 O120): VER PARTIDO,HD,no
8ee52f6208e33706171856f99d2ed2dabd317f3a,56,LaLiga TV Hypermotion HD,2026-09-19,21:00,21:00-Leganés-Granada CF,LaLiga Hypermotion,HYPERMOTION,HYPERMOTION,LALIGA TV Hypermotion (M56 O120): VER PARTIDO,FHD,yes
70f22be1286ef224b5e4e9451d9a42468152cda4,56,LaLiga TV Hypermotion HD,2026-09-19,21:00,21:00-Leganés-Granada CF,LaLiga Hypermotion,HYPERMOTION,HYPERMOTION,LALIGA TV Hypermotion (M56 O120): VER PARTIDO,FHD,yes
4636ed75106cb00e9c70cc2029edf0a4df7ad73f,56,LaLiga TV Hypermotion HD,2026-09-19,21:00,21:00-Leganés-Granada CF,LaLiga Hypermotion,HYPERMOTION,HYPERMOTION,LALIGA TV Hypermotion (M56 O120): VER PARTIDO,FHD,no
338b5de78b0b40a6f9ca3cc0cf9be93341b9ceea,61,M+ Liga de Campeones 2 HD,2026-09-19,21:00,21:00-Corinthians-Fluminense,Serie A Brasil,LIGA DE CAMPEONES 2,LIGA DE CAMPEONES 2,M+ Liga de Campeones 2 (M61 O117),HD,no
ea03cc51980996ba6f2da49e30eee1de8a66ae54,61,M+ Liga de Campeones 2 HD,2026-09-19,21:00,21:00-Corinthians-Fluminense,Serie A Brasil,LIGA DE CAMPEONES 2,LIGA DE CAMPEONES 2,M+ Liga de Campeones 2 (M61 O117),FHD,yes
498c56bd00f535e440c392de5af992421a31355c,61,M+ Liga de Campeones 2 HD,2026-09-19,21:00,21:00-Corinthians-Fluminense,Serie A Brasil,LIGA DE CAMPEONES 2,LIGA DE CAMPEONES 2,M+ Liga de Campeones 2 (M61 O117),FHD,no
bb26037a253866d341778181eff5c8637240d615,61,M+ Liga de Campeones 2 HD,2026-09-19,21:00,21:00-Corinthians-Fluminense,Serie A Brasil,LIGA DE CAMPEONES 2,LIGA DE CAMPEONES 2,M+ Liga de Campeones 2 (M61 O117),HD,no
c6a3673f6a37b1bd3cf31fdd6404dd33d48cfccb,61,M+ Liga de Campeones 2 HD,2026-09-19,21:00,21:00-Corinthians-Fluminense,Serie A Brasil,LIGA DE CAMPEONES 2,LIGA DE CAMPEONES 2,M+ Liga de Campeones 2 (M61 O117),FHD,no
4fc6d0331830ad8743abab2fe2473b63bdfbc49f,61,M+ Liga de Campeones 2 HD,2026-09-19,21:00,21:00-Corinthians-Fluminense,Serie A Brasil,LIGA DE CAMPEONES 2,LIGA DE CAMPEONES 2,M+ Liga de Campeones 2 (M61 O117),FHD,no
e7d8cae7f693fe46e89bbf74820caac9ffb32a30,61,M+ Liga de Campeones 2 HD,2026-09-19,21:00,21:00-Corinthians-Fluminense,Serie A Brasil,LIGA DE CAMPEONES 2,LIGA DE CAMPEONES 2,M+ Liga de Campeones 2 (M61 O117),FHD,yes
4b18a3b32df5960ed950fa907f8d509b1ad2a188,61,M+ Liga de Campeones 2 HD,2026-09-19,21:00,21:00-Corinthians-Fluminense,Serie A Brasil,LIGA DE CAMPEONES 2,LIGA DE CAMPEONES 2,M+ Liga de Campeones 2 (M61 O117),FHD,yes
8156912ae14f6174a19c8a4efcf36a06e847f632,61,M+ Liga de Campeones 2 HD,2026-09-19,21:00,21:00-Corinthians-Fluminense,Serie A Brasil,LIGA DE CAMPEONES 2,LIGA DE CAMPEONES 2,M+ Liga de Campeones 2 (M61 O117),FHD,no
47188da7d2e4beaee82cff174f223fdd23f78fa6,61,M+ Liga de Campeones 2 HD,2026-09-19,21:00,21:00-Corinthians-Fluminense,Serie A Brasil,LIGA DE CAMPEONES 2,LIGA DE CAMPEONES 2,M+ Liga de Campeones 2 (M61 O117),HD,no
38f7b2044e549df2039ff26cefa6f9a60c854d5e,61,M+ Liga de Campeones 2 HD,2026-09-19,21:00,21:00-Corinthians-Fluminense,Serie A Brasil,LIGA DE CAMPEONES 2,LIGA DE CAMPEONES 2,M+ Liga de Campeones 2 (M61 O117),HD,no
f3eea003e23f94dc2d527306de9dd386e3ebf4ba,60,M+ Liga de Campeones HD,2026-09-19,22:00,22:00-Rosario Central-Argentinos Juniors,Primera División Argentina Torneo Clausura,LIGA DE CAMPEONES,LIGA DE CAMPEONES,M+ Liga de Campeones (M60 O115),FHD,yes
afbf1ef8812e7b0a0977fa3a0a2d3a6d3cbd6c6f,60,M+ Liga de Campeones HD,2026-09-19,22:00,22:00-Rosario Central-Argentinos Juniors,Primera División Argentina Torneo Clausura,LIGA DE CAMPEONES,LIGA DE CAMPEONES,M+ Liga de Campeones (M60 O115),FHD,no
e572a5178ff72eed7d1d751a18b4b3419699f370,60,M+ Liga de Campeones HD,2026-09-19,22:00,22:00-Rosario Central-Argentinos Juniors,Primera División Argentina Torneo Clausura,LIGA DE CAMPEONES,LIGA DE CAMPEONES,M+ Liga de Campeones (M60 O115),HD,no
2b51710cee513e8939785fa3e7980f32d4e0415f,60,M+ Liga de Campeones HD,2026-09-19,22:00,22:00-Rosario Central-Argentinos Juniors,Primera División Argentina Torneo Clausura,LIGA DE CAMPEONES,LIGA DE CAMPEONES,M+ Liga de Campeones (M60 O115),HD,no
778f08cbae9596ed9e8b2ae0af33ee7a6fe24c6a,60,M+ Liga de Campeones HD,2026-09-19,22:00,22:00-Rosario Central-Argentinos Juniors,Primera División Argentina Torneo Clausura,LIGA DE CAMPEONES,LIGA DE CAMPEONES,M+ Liga de Campeones (M60 O115),FHD,no
b028202ff335911db3118bceac027df3e8ef6c32,60,M+ Liga de Campeones HD,2026-09-19,22:00,22:00-Rosario Central-Argentinos Juniors,Primera División Argentina Torneo Clausura,LIGA DE CAMPEONES,LIGA DE CAMPEONES,M+ Liga de Campeones (M60 O115),HD,no
0f7842f8b6c26571e5a974407b61623e56e6a052,60,M+ Liga de Campeones HD,2026-09-19,22:00,22:00-Rosario Central-Argentinos Juniors,Primera División Argentina Torneo Clausura,LIGA DE CAMPEONES,LIGA DE CAMPEONES,M+ Liga de Campeones (M60 O115),FHD,no
152169ce99e1fd27f2249c18384a121079cdef29,60,M+ Liga de Campeones HD,2026-09-19,22:00,22:00-Rosario Central-Argentinos Juniors,Primera División Argentina Torneo Clausura,LIGA DE CAMPEONES,LIGA DE CAMPEONES,M+ Liga de Campeones (M60 O115),UHD,no
afbf2a479c5a5072698139f0f556ef3e77a99bd0,60,M+ Liga de Campeones HD,2026-09-19,22:00,22:00-Rosario Central-Argentinos Juniors,Primera División Argentina Torneo Clausura,LIGA DE CAMPEONES,LIGA DE CAMPEONES,M+ Liga de Campeones (M60 O115),FHD,no
97df5b7824948972d041d8ca2a4d29c90b641bc9,60,M+ Liga de Campeones HD,2026-09-19,22:00,22:00-Rosario Central-Argentinos Juniors,Primera División Argentina Torneo Clausura,LIGA DE CAMPEONES,LIGA DE CAMPEONES,M+ Liga de Campeones (M60 O115),FHD,no
91b2a1fe85f5bb4a6cf9ef6d01cc65883d986920,60,M+ Liga de Campeones HD,2026-09-19,22:00,22:00-Rosario Central-Argentinos Juniors,Primera División Argentina Torneo Clausura,LIGA DE CAMPEONES,LIGA DE CAMPEONES,M+ Liga de Campeones (M60 O115),FHD,no
63e4713e8379f2ebf5e6ed9aa00fbf78ebae7439,60,M+ Liga de Campeones HD,2026-09-19,22:00,22:00-Rosario Central-Argentinos Juniors,Primera División Argentina Torneo Clausura,LIGA DE CAMPEONES,LIGA DE CAMPEONES,M+ Liga de Campeones (M60 O115),HD,no
36394be1db2e20b5997d987c32fd38c7f0f194b7,72,DAZN 1 HD,2026-09-19,22:25,22:25-Arizona Cardinals-Seattle Seahawks,NFL Liga Regular,DAZN 1,DAZN 1,DAZN 1 (M72),FHD,no
1e7f5efc1913efaf7042a9b1a49d1f9adc5bc187,72,DAZN 1 HD,2026-09-19,22:25,22:25-Arizona Cardinals-Seattle Seahawks,NFL Liga Regular,DAZN 1,DAZN 1,DAZN 1 (M72),FHD,no
5b776533534b767a84dfda263825ad10f30a8ec7,72,DAZN 1 HD,2026-09-19,22:25,22:25-Arizona Cardinals-Seattle Seahawks,NFL Liga Regular,DAZN 1,DAZN 1,DAZN 1 (M72),HD,no
d5b2c6b940cf3df5e8f9dc6f000f0ea23a10b151,72,DAZN 1 HD,2026-09-19,22:25,22:25-Arizona Cardinals-Seattle Seahawks,NFL Liga Regular,DAZN 1,DAZN 1,DAZN 1 (M72),HD,no
b03f9310155cf3b4eafc1dfba763781abc3ff025,72,DAZN 1 HD,2026-09-19,22:25,22:25-Arizona Cardinals-Seattle Seahawks,NFL Liga Regular,DAZN 1,DAZN 1,DAZN 1 (M72),FHD,no
691739972eb3468cf16b25e84dafdeaa40dead6d,72,DAZN 1 HD,2026-09-19,22:25,22:25-Arizona Cardinals-Seattle Seahawks,NFL Liga Regular,DAZN 1,DAZN 1,DAZN 1 (M72),FHD,no
4141892f5df7d6474bf0279895ce02b7336c9928,72,DAZN 1 HD,2026-09-19,22:25,22:25-Arizona Cardinals-Seattle Seahawks,NFL Liga Regular,DAZN 1,DAZN 1,DAZN 1 (M72),FHD,no
a116ce3ff95c41c60e987e2b1aa247007f707884,72,DAZN 1 HD,2026-09-19,22:25,22:25-Arizona Cardinals-Seattle Seahawks,NFL Liga Regular,DAZN 1,DAZN 1,DAZN 1 (M72),HD,no
78124d96a1a4601e7910f50e36a16e35efcfb398,72,DAZN 1 HD,2026-09-19,22:25,22:25-Arizona Cardinals-Seattle Seahawks,NFL Liga Regular,DAZN 1,DAZN 1,DAZN 1 (M72),FHD,no
2f9211669499f413dab1a490198afab2a9b4b57c,73,DAZN 2 HD,2026-09-21,02:20,02:20-Kansas City Chiefs-Indianápolis Colts,NFL Liga Regular,DAZN 2,DAZN 2,DAZN 2 (M73),FHD,no
fb2dd566824658eeab27aae19a01c09430f1a97d,73,DAZN 2 HD,2026-09-21,02:20,02:20-Kansas City Chiefs-Indianápolis Colts,NFL Liga Regular,DAZN 2,DAZN 2,DAZN 2 (M73),FHD,no
43004e955731cd3afcc34d24e5178d4b427bff37,73,DAZN 2 HD,2026-09-21,02:20,02:20-Kansas City Chiefs-Indianápolis Colts,NFL Liga Regular,DAZN 2,DAZN 2,DAZN 2 (M73),FHD,no
b0eabe0fdd02fdd165896236765a9b753a2ff516,73,DAZN 2 HD,2026-09-21,02:20,02:20-Kansas City Chiefs-Indianápolis Colts,NFL Liga Regular,DAZN 2,DAZN 2,DAZN 2 (M73),HD,no
d60b8c154828cb990b7bb1570764b215bd979e74,73,DAZN 2 HD,2026-09-21,02:20,02:20-Kansas City Chiefs-Indianápolis Colts,NFL Liga Regular,DAZN 2,DAZN 2,DAZN 2 (M73),FHD,no
